{"cameraMode":{"drawMode":0,"name":"Shaded","section":"Shading Mode"},"sceneLighting":true,"audioPlay":false,"sceneViewState":{"m_AlwaysRefresh":false,"showFog":true,"showSkybox":true,"showFlares":true,"showImageEffects":true,"showParticleSystems":true,"showVisualEffectGraphs":true,"m_FxEnabled":true},"in2DMode":false,"pivot":{"x":-0.33837640285491946,"y":0.6248258352279663,"z":0.0512164831161499},"rotation":{"x":-0.09191551804542542,"y":0.8946033716201782,"z":-0.21637502312660218,"w":-0.38002505898475649},"size":1.0390678644180298,"orthographic":false}