{"cameraMode":{"drawMode":0,"name":"Shaded","section":"Shading Mode"},"sceneLighting":true,"audioPlay":false,"sceneViewState":{"m_AlwaysRefresh":false,"showFog":true,"showSkybox":true,"showFlares":true,"showImageEffects":true,"showParticleSystems":true,"showVisualEffectGraphs":true,"m_FxEnabled":true},"in2DMode":false,"pivot":{"x":-6.642848968505859,"y":4.718898773193359,"z":7.508829593658447},"rotation":{"x":-0.08180496841669083,"y":0.7185664176940918,"z":-0.08577602356672287,"w":-0.6852900385856628},"size":0.039847828447818759,"orthographic":false}